<?xml version="1.0" encoding="UTF-8"?>
<datasources xmlns="http://www.jboss.org/ironjacamar/schema"
   xmlns:xsi="http://www.w3.org/2001/XMLSchema-instance"
   xsi:schemaLocation="http://www.jboss.org/ironjacamar/schema http://docs.jboss.org/ironjacamar/schema/datasources_1_0.xsd">
	
	<datasource jndi-name="java:jboss/datasources/jBPMRewardsDemotDS" pool-name="jbpm-persist-test" enabled="true" use-java-context="true">
		<connection-url>jdbc:h2:mem:jbpm-rewards-demo;DB_CLOSE_ON_EXIT=FALSE;DB_CLOSE_DELAY=-1</connection-url>
      	<driver>h2</driver>
      	<security>
			<user-name>sa</user-name>
         	<password>sa</password>
		</security>
	</datasource>
</datasources>
 
