<?xml version="1.0" encoding="UTF-8"?>
<beans xmlns="http://www.springframework.org/schema/beans"
       xmlns:xsi="http://www.w3.org/2001/XMLSchema-instance"
       xmlns:kie="http://drools.org/schema/kie-spring"
       xsi:schemaLocation="http://www.springframework.org/schema/beans http://www.springframework.org/schema/beans/spring-beans-3.0.xsd
                          http://drools.org/schema/kie-spring http://drools.org/schema/kie-spring.xsd">

  <bean id="jbpmEMF" class="org.springframework.orm.jpa.LocalContainerEntityManagerFactoryBean">
    <property name="persistenceUnitName" value="org.jbpm.persistence.spring.jta"/>
  </bean>

  <bean id="btmConfig" factory-method="getConfiguration" class="bitronix.tm.TransactionManagerServices">
  </bean>
  
  <bean id="BitronixTransactionManager" factory-method="getTransactionManager"
        class="bitronix.tm.TransactionManagerServices" depends-on="btmConfig" destroy-method="shutdown" />
  
  <bean id="jbpmTxManager" class="org.springframework.transaction.jta.JtaTransactionManager">
    <property name="transactionManager" ref="BitronixTransactionManager" />
    <property name="userTransaction" ref="BitronixTransactionManager" />
  </bean>
  
</beans>
