<?xml version="1.0" encoding="UTF-8"?>
<!DOCTYPE log4j:configuration SYSTEM "log4j.dtd">

<!-- ===================================================================== -->
<!--                                                                       -->
<!--  Log4j Configuration                                                  -->
<!--                                                                       -->
<!-- ===================================================================== -->

<!--
   | For more configuration information and examples see the Jakarta Log4j
   | owebsite: http://jakarta.apache.org/log4j
 -->

<log4j:configuration xmlns:log4j="http://jakarta.apache.org/log4j/" debug="false">

   <!-- ================================= -->
   <!-- Preserve messages in a local file -->
   <!-- ================================= -->

   <!-- A time/date based rolling appender -->
   <appender name="FILE" class="org.apache.log4j.FileAppender">
      <param name="File" value="brms-jbpm.log"/>
      <param name="Encoding" value="UTF-8"/>
      <param name="Append" value="false"/>
      <param name="Threshold" value="DEBUG"/>

      <layout class="org.apache.log4j.PatternLayout">
         <!-- The default pattern: Date Priority [Category] (Thread) Message\n -->
         <param name="ConversionPattern" value="%d %-5p [%c] (%t) %m%n"/>

         <!-- The full pattern: Date MS Priority [Category] (Thread:NDC) Message\n
         <param name="ConversionPattern" value="%d %-5r %-5p [%c] (%t:%x) %m%n"/>
          -->
      </layout>
   </appender>
   
   <!-- ============================== -->
   <!-- Append messages to the console -->
   <!-- ============================== -->

   <!-- Console logger commented out to improve performance. -->
   <appender name="CONSOLE" class="org.apache.log4j.ConsoleAppender">
      <param name="Target" value="System.out"/>
      <param name="Threshold" value="ERROR"/>

      <layout class="org.apache.log4j.PatternLayout">
         <param name="ConversionPattern" value="%d{ABSOLUTE} %-5p [%c{1}] %m%n"/>
      </layout>
   </appender>

   <!-- Buffer events and log them asynchronously -->
   <appender name="ASYNC" class="org.apache.log4j.AsyncAppender">
     <appender-ref ref="FILE"/>
     <appender-ref ref="CONSOLE"/>
   </appender>

   

   <!-- Limit the org.apache category to INFO as its DEBUG is verbose -->
   <category name="org.apache">
      <priority value="INFO"/>
   </category>
   
   <!-- Limit the sun category to INFO as its FINE is verbose -->
   <category name="sun">
      <priority value="INFO"/>
   </category>
   
   <!-- Limit the javax.xml.bind category to INFO as its FINE is verbose -->
   <category name="javax.xml.bind">
      <priority value="INFO"/>
   </category>
   	
   <!-- ======================= -->
   <!-- Setup the Root category -->
   <!-- ======================= -->

   <root>
      <!----><appender-ref ref="CONSOLE"/> 
      <appender-ref ref="FILE"/>
   </root>

</log4j:configuration>
