<?xml version="1.0" encoding="UTF-8"?>
<!DOCTYPE hibernate-mapping PUBLIC "-//Hibernate/Hibernate Mapping DTD 3.0//EN"
        "http://hibernate.sourceforge.net/hibernate-mapping-3.0.dtd" >
<hibernate-mapping package="org.jbpm.persistence.processinstance">

  <database-object>
    <create>CREATE INDEX IDX_EVENTTYPES ON EVENTTYPES (INSTANCEID);</create>
    <drop />
    <dialect-scope name="org.hibernate.dialect.DB2Dialect" />
    <dialect-scope name="org.hibernate.dialect.MySQL5Dialect" />
    <dialect-scope name="org.hibernate.dialect.MySQLInnoDBDialect" />
    <dialect-scope name="org.hibernate.dialect.Oracle9Dialect" />
    <dialect-scope name="org.hibernate.dialect.OracleDialect" />
    <dialect-scope name="org.hibernate.dialect.PostgreSQLDialect" />
    <dialect-scope name="org.hibernate.dialect.SQLServerDialect" />
  </database-object>
  
</hibernate-mapping>
